run_id,created_at,updated_at,status,system_type,root_step_id,user_id,tags
a5ce43ee-fc1b-4e8e-a6c4-19da35662608,2026-01-23T14:09:27.051058+00:00,2026-01-23T14:09:33.020058+00:00,completed,mock,e2d2f74d-f7b2-4782-8a34-38b40827489c,poc-user-04,"[""flight_booking"", ""mock"", ""generated""]"
ed31ef81-318c-41cc-9d48-4008ccc1185d,2026-01-24T19:54:30.051058+00:00,2026-01-24T19:54:43.597058+00:00,completed,other,23244e9b-8821-48cd-8098-f3bbf2d24ff4,poc-user-07,"[""research_summarizer"", ""openai"", ""generated""]"
1352aea9-bb78-4ff4-ad8b-1853a1214329,2026-01-23T03:27:00.051058+00:00,2026-01-23T03:27:03.344058+00:00,completed,mock,b90df25c-b31a-461a-9fee-3a4c14bed548,poc-user-01,"[""customer_support"", ""mock"", ""generated""]"
e14f24e4-335b-4e0a-9efe-902383834f3b,2026-01-24T17:38:41.051058+00:00,2026-01-24T17:38:48.183058+00:00,completed,other,3867ffbc-4a70-418f-80a2-b5ec6b096270,poc-user-07,"[""customer_support"", ""openai"", ""generated""]"
ae51d988-211c-40a2-9e7d-e1d638dc8cff,2026-01-23T15:00:57.051058+00:00,2026-01-23T15:01:03.953058+00:00,completed,other,0706a36f-78cd-4a2b-8ba1-b3b6047cba6f,poc-user-05,"[""customer_support"", ""openai"", ""generated""]"
c8e46a63-ef51-4c94-a74f-0fae47cc383c,2026-01-25T12:15:17.051058+00:00,2026-01-25T12:15:20.076058+00:00,completed,openclaw,1d495cb9-b41e-4d51-84bd-25e0d67b3f8d,poc-user-01,"[""simple_happy_path"", ""openclaw"", ""generated""]"
62001ac3-15bf-4238-9e3a-e4c4ce6ba721,2026-01-24T19:37:44.051058+00:00,2026-01-24T19:37:49.441058+00:00,completed,other,157e3c0a-b0e2-4876-b5c5-3f2e0bbc5bfa,poc-user-10,"[""email_drafting"", ""openai"", ""generated""]"
4a5199ba-22f0-4c21-b876-9e5b8caa4d27,2026-01-25T14:01:05.051058+00:00,2026-01-25T14:01:10.047058+00:00,completed,other,79aefb20-84ea-4899-b48b-94103fe6d136,poc-user-04,"[""email_drafting"", ""openai"", ""generated""]"
b2cdd757-8492-4382-a921-bb74154cea25,2026-01-23T07:42:07.051058+00:00,2026-01-23T07:42:21.355058+00:00,completed,openclaw,52af901e-29f4-4d7d-8cd2-89f60438771b,poc-user-02,"[""code_assistant"", ""openclaw"", ""generated""]"
e4af85b8-e257-4ecf-9342-b7604f895be4,2026-01-24T16:27:11.051058+00:00,2026-01-24T16:27:26.603058+00:00,completed,other,6f02eeb3-c753-40f3-9db6-fac58a309acb,poc-user-05,"[""data_analysis"", ""openai"", ""generated""]"
f804c03f-df7a-422f-952f-61b3d2f26a73,2026-01-23T09:26:31.051058+00:00,2026-01-23T09:26:39.951058+00:00,completed,openclaw,9de89f4d-2da8-41d7-b1e8-c3908163ef4f,poc-user-08,"[""customer_support"", ""openclaw"", ""generated""]"
0f24420f-039a-4109-be33-1302940ca0b7,2026-01-23T18:18:14.051058+00:00,2026-01-23T18:18:16.493058+00:00,completed,other,ce439347-e6f9-4b87-814a-aa6efbf235f0,poc-user-08,"[""simple_happy_path"", ""openai"", ""generated""]"
5fd97be0-fbb3-4b7f-b103-eec7114af13b,2026-01-23T09:55:30.051058+00:00,2026-01-23T09:55:39.391058+00:00,completed,other,bb9a1a61-9c60-4693-b717-8d144e265534,poc-user-01,"[""code_assistant"", ""openai"", ""generated""]"
c9a0a1ff-d818-4ae7-8532-9259009cf791,2026-01-25T04:14:59.051058+00:00,2026-01-25T04:15:01.214058+00:00,completed,other,714771f8-d6ba-47f4-bf67-84df2819603b,poc-user-10,"[""simple_happy_path"", ""openai"", ""generated""]"
16a51f4f-88c6-469e-b525-db7446b1d717,2026-01-23T12:19:44.051058+00:00,2026-01-23T12:19:47.573058+00:00,completed,mock,64a755ab-e72a-41d6-9fef-799c94235668,poc-user-02,"[""sql_query_generation"", ""mock"", ""generated""]"
920f2959-e810-4067-aaa7-b77e8dd1d0ff,2026-01-24T10:06:54.051058+00:00,2026-01-24T10:06:59.114058+00:00,completed,other,7e5b2143-6dcd-46bf-aadd-3c0d18f428cc,poc-user-05,"[""email_drafting"", ""openai"", ""generated""]"
7dc9f744-d1cc-483a-b969-6a072a80c599,2026-01-25T19:31:07.051058+00:00,2026-01-25T19:31:09.264058+00:00,completed,other,f99bb5ee-719f-415e-97ce-f3d89072d74e,poc-user-05,"[""simple_happy_path"", ""openai"", ""generated""]"
54e397f7-696c-453a-a3f7-2e8d5a5c2b51,2026-01-25T18:30:15.051058+00:00,2026-01-25T18:30:17.237058+00:00,completed,other,7d09f590-58b6-4462-8424-0c27c5aec272,poc-user-05,"[""simple_happy_path"", ""openai"", ""generated""]"
bb883ca4-872d-460f-8753-6aa39ce31666,2026-01-24T12:30:22.051058+00:00,2026-01-24T12:30:32.798058+00:00,completed,openclaw,9185cea9-ce7c-4751-a95d-9e9e75642c1b,poc-user-08,"[""sql_query_generation"", ""openclaw"", ""generated""]"
e12be03e-d0c0-4d9f-850d-3bf93ea8d3b4,2026-01-26T19:09:04.051058+00:00,2026-01-26T19:09:14.262058+00:00,completed,claude,87dae7a9-c903-455f-828f-070505260efb,poc-user-03,"[""code_assistant"", ""claude"", ""generated""]"
436ad2bd-6183-43f0-907b-f590528551cf,2026-01-27T15:31:58.051058+00:00,2026-01-27T15:32:02.896058+00:00,completed,other,b5cb2ebb-93e4-4fbd-b8aa-92eb65e00df6,poc-user-05,"[""email_drafting"", ""openai"", ""generated""]"
28457763-ec34-476e-b67d-53086b1a8089,2026-01-23T22:42:25.051058+00:00,2026-01-23T22:42:26.398058+00:00,completed,mock,35ffaab0-5cef-4469-9ec9-6f2808ec32e6,poc-user-10,"[""simple_happy_path"", ""mock"", ""generated""]"
af1c9c35-542b-441c-b9d0-43871beedf65,2026-01-23T19:41:02.051058+00:00,2026-01-23T19:41:13.771058+00:00,completed,other,112e3b1e-c32b-4ffd-a345-85cd0ecd351e,poc-user-05,"[""code_assistant"", ""openai"", ""generated""]"
41babe3d-008d-48bd-b019-0b3a02e6d7d5,2026-01-23T15:30:01.051058+00:00,2026-01-23T15:30:21.761058+00:00,completed,openclaw,188edd32-d236-4831-8d6a-d42c00d675a0,poc-user-08,"[""data_analysis"", ""openclaw"", ""generated""]"
40222f41-7036-43ff-b43c-f038983556a0,2026-01-23T15:13:28.051058+00:00,2026-01-23T15:13:31.932058+00:00,completed,openclaw,4e9e5bda-c92d-4bcd-96d1-58caa64caf4d,poc-user-04,"[""simple_happy_path"", ""openclaw"", ""generated""]"
5d89b8fa-0bcc-4f4c-9cc2-05bfaa71a047,2026-01-23T17:15:08.051058+00:00,2026-01-23T17:15:22.671058+00:00,completed,openclaw,e363d798-76f3-40b1-aa3a-e5ee449c826f,poc-user-02,"[""flight_booking"", ""openclaw"", ""generated""]"
c104b66d-b985-4f47-adb7-e9d2f93d5e3f,2026-01-26T17:32:37.051058+00:00,2026-01-26T17:32:46.662058+00:00,completed,openclaw,85a5440b-848f-4796-8524-f199038367e2,poc-user-08,"[""sql_query_generation"", ""openclaw"", ""generated""]"
af1e5600-6751-483c-acbd-42a5143cc156,2026-01-23T17:07:54.051058+00:00,2026-01-23T17:07:58.918058+00:00,completed,other,8a466c2a-5cc3-42ce-91f5-a849a1080fab,poc-user-01,"[""email_drafting"", ""openai"", ""generated""]"
8ddf67e2-27bd-470a-a525-6ae021022e2e,2026-01-23T11:55:42.051058+00:00,2026-01-23T11:56:02.289058+00:00,failed,openclaw,92523b9a-55e0-4536-98fc-163f58c37f16,poc-user-02,"[""data_analysis"", ""openclaw"", ""generated""]"
74c1501e-a711-4693-b192-73fdf09bbd8c,2026-01-23T16:13:24.051058+00:00,2026-01-23T16:13:33.864058+00:00,completed,claude,a1359224-43b0-4735-9cf3-df7e17ef6803,poc-user-10,"[""flight_booking"", ""claude"", ""generated""]"
6771349a-5059-4c4e-9b0c-8e77fbd82c91,2026-01-25T21:49:08.051058+00:00,2026-01-25T21:49:13.958058+00:00,completed,claude,bc45f493-3cd8-42c7-884f-08f05496d435,poc-user-08,"[""customer_support"", ""claude"", ""generated""]"
73fd35c3-f4c5-4451-aa29-696c1b4266ec,2026-01-23T12:06:15.051058+00:00,2026-01-23T12:06:33.420058+00:00,completed,openclaw,ce6999e3-a26a-4694-b375-bb71394150c1,poc-user-10,"[""data_analysis"", ""openclaw"", ""generated""]"
50c07d81-4cdf-42c2-9094-d4632d9e251f,2026-01-27T15:39:20.051058+00:00,2026-01-27T15:39:30.121058+00:00,failed,openclaw,3f5300e7-1b8d-4842-b7f7-cee498d59e3a,poc-user-09,"[""sql_query_generation"", ""openclaw"", ""generated""]"
89fc7466-760a-4efa-b907-5708e7bfdad5,2026-01-24T16:28:33.051058+00:00,2026-01-24T16:28:49.328058+00:00,completed,openclaw,06641cbc-d2ef-4667-8151-9e45e3f3fe8b,poc-user-02,"[""flight_booking"", ""openclaw"", ""generated""]"
ee353087-45dc-473c-a8fc-bd6ad0ad7271,2026-01-26T17:42:44.051058+00:00,2026-01-26T17:42:48.986058+00:00,completed,other,a93fdc13-5c40-4d07-b36a-3204ff6e6864,poc-user-10,"[""email_drafting"", ""openai"", ""generated""]"
4d1a042e-a7de-4ef7-babf-167e1e2de624,2026-01-25T08:53:44.051058+00:00,2026-01-25T08:53:48.877058+00:00,completed,claude,958deb4e-8585-46e6-8a26-4a42f0b4af41,poc-user-09,"[""email_drafting"", ""claude"", ""generated""]"
61630147-9b65-4443-8b28-fe4e48dc9fb1,2026-01-25T17:08:55.051058+00:00,2026-01-25T17:09:05.797058+00:00,completed,other,85a64a5c-5e69-417b-b963-c1177513a38b,poc-user-08,"[""code_assistant"", ""openai"", ""generated""]"
b9de2cd6-246e-4dd4-bdfb-91e66e381351,2026-01-24T09:53:09.051058+00:00,2026-01-24T09:53:26.939058+00:00,completed,openclaw,eb906075-f448-45e3-a4bd-0c220e1a9d5b,poc-user-09,"[""research_summarizer"", ""openclaw"", ""generated""]"
891070bd-9bd8-4907-9c6b-c810ee46fc88,2026-01-24T15:23:16.051058+00:00,2026-01-24T15:23:22.849058+00:00,completed,claude,6ce9e309-8357-4cc9-a9a4-2da5bc08ac98,poc-user-05,"[""sql_query_generation"", ""claude"", ""generated""]"
16020667-0583-4fb0-88ec-3744e93e5f1d,2026-01-26T02:41:12.051058+00:00,2026-01-26T02:41:19.115058+00:00,completed,other,85161770-8612-461d-b079-330c4a841b8e,poc-user-08,"[""sql_query_generation"", ""openai"", ""generated""]"
f97444c7-4cc4-48a0-9982-59558ff33330,2026-01-25T15:22:28.051058+00:00,2026-01-25T15:22:36.016058+00:00,completed,openclaw,ae830716-6858-4cf1-9c0f-a6867effb6cd,poc-user-10,"[""email_drafting"", ""openclaw"", ""generated""]"
0a947857-5a35-4442-8887-99316661551f,2026-01-26T11:48:04.051058+00:00,2026-01-26T11:48:10.963058+00:00,completed,claude,c2831de4-2353-4e89-ad4b-5d9e64a49ea2,poc-user-06,"[""sql_query_generation"", ""claude"", ""generated""]"
9bd73314-ee90-4ad7-b1f5-bb2a3557656a,2026-01-28T13:57:19.051058+00:00,2026-01-28T13:57:39.294058+00:00,completed,openclaw,19be67dc-4c12-407c-b102-b42cb0d3cd3c,poc-user-06,"[""research_summarizer"", ""openclaw"", ""generated""]"
cdb1b3c3-4bdd-4643-b276-fec0bbc0177a,2026-01-26T12:58:55.051058+00:00,2026-01-26T12:59:04.346058+00:00,completed,claude,78f03f29-b077-4f3d-bfb7-302987a4c73d,poc-user-08,"[""code_assistant"", ""claude"", ""generated""]"
62e4e9c4-4732-4e21-b1e2-332bf07eea9b,2026-01-27T12:51:51.051058+00:00,2026-01-27T12:51:52.296058+00:00,completed,mock,a3ae4dd8-e572-4450-a389-88d0a615d055,poc-user-03,"[""simple_happy_path"", ""mock"", ""generated""]"
61f7ff77-67ee-4dbb-9197-18bdefba3097,2026-01-27T09:07:17.051058+00:00,2026-01-27T09:07:36.729058+00:00,completed,openclaw,a4089004-0aa8-48ca-97c2-2c3b2be10d2d,poc-user-01,"[""research_summarizer"", ""openclaw"", ""generated""]"
bb8b47ce-fe6c-424d-8b0e-b08d979eb3c3,2026-01-26T19:46:23.051058+00:00,2026-01-26T19:46:29.837058+00:00,completed,openclaw,a32f0fa3-a2df-4d44-bad2-832803bef4b6,poc-user-01,"[""email_drafting"", ""openclaw"", ""generated""]"
37bb1e7c-6df5-437a-aca4-aa0c67e866f8,2026-01-28T13:09:38.051058+00:00,2026-01-28T13:09:51.255058+00:00,completed,claude,d13f7cfb-e54f-433f-a316-a94316f161bc,poc-user-10,"[""data_analysis"", ""claude"", ""generated""]"
11461190-525e-4299-adb7-4dc97ade74ca,2026-01-29T12:33:40.051058+00:00,2026-01-29T12:33:51.616058+00:00,completed,other,cda185b0-9b37-48a1-8b7e-430757336a16,poc-user-09,"[""flight_booking"", ""openai"", ""generated""]"
5b2f52e2-83da-4ef5-9c1d-7c1121992035,2026-01-27T14:12:15.051058+00:00,2026-01-27T14:12:30.439058+00:00,completed,other,ed39e9f6-4d05-4b31-9c98-926efc76262f,poc-user-08,"[""data_analysis"", ""openai"", ""generated""]"
57e7b927-f76d-47af-acd0-5aaf4544e4da,2026-01-29T15:08:06.051058+00:00,2026-01-29T15:08:08.117058+00:00,completed,other,30651686-b8cf-4ce7-9b1e-930e8a6e5e93,poc-user-03,"[""simple_happy_path"", ""openai"", ""generated""]"
9cb544cb-7cc4-43e7-8d01-a99909219b79,2026-01-29T15:48:18.051058+00:00,2026-01-29T15:48:25.786058+00:00,completed,other,a80e7ce2-0d45-4456-9b0e-571303672835,poc-user-09,"[""sql_query_generation"", ""openai"", ""generated""]"
e5788ad7-786f-460b-9d8f-16ac2cb1cbdc,2026-01-30T12:12:51.051058+00:00,2026-01-30T12:13:01.316058+00:00,completed,other,1570fd5e-907b-4b10-bbb3-09664f77833d,poc-user-05,"[""code_assistant"", ""openai"", ""generated""]"
6b707e28-a009-4e2b-89f9-31a541fe2c20,2026-01-28T14:14:08.051058+00:00,2026-01-28T14:14:11.806058+00:00,completed,openclaw,f1fcde21-8681-4aec-97ac-08b410258283,poc-user-09,"[""simple_happy_path"", ""openclaw"", ""generated""]"
a5ad396d-d963-40b5-b590-e7ae7927c6c2,2026-01-26T20:07:03.051058+00:00,2026-01-26T20:07:15.932058+00:00,completed,other,ce43134a-cedb-4fe9-a226-b31cef87fe73,poc-user-02,"[""data_analysis"", ""openai"", ""generated""]"
8afd9255-b936-42bd-b89c-470ce2b9035a,2026-01-26T23:30:02.051058+00:00,2026-01-26T23:30:13.944058+00:00,completed,other,c6ba86f8-ac5d-4106-9118-226619c9fe6b,poc-user-09,"[""flight_booking"", ""openai"", ""generated""]"
0e55ae5a-a3b2-45d8-a76c-53e8a98b2898,2026-01-27T09:22:09.051058+00:00,2026-01-27T09:22:14.034058+00:00,completed,other,d7b5300f-b4f3-4d0e-a25c-9e7d5e67637b,poc-user-05,"[""email_drafting"", ""openai"", ""generated""]"
078c4739-c2b6-42bf-97b3-4973c35141c0,2026-01-31T14:43:52.051058+00:00,2026-01-31T14:44:06.868058+00:00,completed,other,3e78df44-efe0-44ba-a5dd-0032d209d77b,poc-user-03,"[""data_analysis"", ""openai"", ""generated""]"
b8368571-6bae-487d-acb2-869b629b2f85,2026-01-31T12:26:35.051058+00:00,2026-01-31T12:26:49.976058+00:00,completed,openclaw,f1747163-191c-4002-a703-40024f48992b,poc-user-08,"[""flight_booking"", ""openclaw"", ""generated""]"
ce5c5288-2a8f-459b-8bd0-7fd5d527d41d,2026-01-30T20:35:20.051058+00:00,2026-01-30T20:35:23.374058+00:00,completed,mock,775252de-535f-4edf-8c71-404145a65046,poc-user-08,"[""customer_support"", ""mock"", ""generated""]"
0786ed29-c8c4-4836-9d3b-c77faf84b9de,2026-01-29T16:31:46.051058+00:00,2026-01-29T16:32:00.728058+00:00,completed,other,8d36ffc0-e12c-4dd4-a2fc-8db27889fb8a,poc-user-10,"[""data_analysis"", ""openai"", ""generated""]"
59b0a0ce-1d1f-453d-ad11-2b77ba353a77,2026-01-27T00:35:26.051058+00:00,2026-01-27T00:35:29.461058+00:00,completed,mock,a64b69c2-e3e7-45f0-9dd9-21f1d3f47d2e,poc-user-01,"[""sql_query_generation"", ""mock"", ""generated""]"
e239dfa7-b704-401f-a8a5-58482f3edd56,2026-01-30T13:03:40.051058+00:00,2026-01-30T13:03:44.805058+00:00,completed,claude,d1fecfc3-8ab9-4fd3-b92e-1ee3feacc36f,poc-user-04,"[""email_drafting"", ""claude"", ""generated""]"
499f4c6c-64d5-40be-8faf-6d4700ab0903,2026-01-27T10:36:15.051058+00:00,2026-01-27T10:36:19.971058+00:00,completed,other,50ce368b-9e8b-4988-9b90-62d25fe06e4e,poc-user-04,"[""email_drafting"", ""openai"", ""generated""]"
1616faeb-77d3-4558-8ea2-aac37acb71e0,2026-01-30T08:37:42.051058+00:00,2026-01-30T08:37:47.185058+00:00,completed,other,cb9dc1e4-d135-42fc-9a4b-2cf093eced13,poc-user-09,"[""email_drafting"", ""openai"", ""generated""]"
679652a8-fa1a-47f9-8c4c-a07f70f6f1e9,2026-01-30T00:26:24.051058+00:00,2026-01-30T00:26:36.280058+00:00,completed,claude,466e127d-923e-4aeb-9f19-2d1389bc0728,poc-user-07,"[""data_analysis"", ""claude"", ""generated""]"
cc64cd91-34c5-4bec-8b61-f8515a43d285,2026-01-30T10:52:52.051058+00:00,2026-01-30T10:53:12.628058+00:00,completed,openclaw,225f77e7-f72a-4c76-af7e-5cdf35d692e1,poc-user-04,"[""data_analysis"", ""openclaw"", ""generated""]"
b8dd4b47-73df-4c75-b4f1-c089c4e68002,2026-01-27T17:50:50.051058+00:00,2026-01-27T17:50:52.559058+00:00,completed,other,69b896d3-9ff5-45cd-afe9-839551f6a111,poc-user-07,"[""simple_happy_path"", ""openai"", ""generated""]"
bcf99ef6-676f-4144-b1a8-b34805821620,2026-01-31T14:58:05.051058+00:00,2026-01-31T14:58:18.902058+00:00,completed,other,18adcd66-784f-47a8-90f3-db06357888dd,poc-user-05,"[""data_analysis"", ""openai"", ""generated""]"
255a51ad-2d8d-4456-8d52-7a83e35449cb,2026-01-27T18:46:09.051058+00:00,2026-01-27T18:46:22.032058+00:00,completed,other,a26f1066-09da-459e-898c-61f258de48a6,poc-user-04,"[""research_summarizer"", ""openai"", ""generated""]"
9ab68557-0247-49c9-ad59-034d08443682,2026-01-30T00:13:13.051058+00:00,2026-01-30T00:13:17.711058+00:00,completed,other,73220662-6f19-4c61-bd02-147bfd9a7cbd,poc-user-10,"[""email_drafting"", ""openai"", ""generated""]"
4e35f01a-5ef7-4288-9930-8a877b8c4a81,2026-01-29T07:19:07.051058+00:00,2026-01-29T07:19:16.653058+00:00,completed,claude,e7b591ba-1797-4db2-ab7d-b2765522d277,poc-user-03,"[""code_assistant"", ""claude"", ""generated""]"
4cdfaa3e-4eeb-4418-be80-bb5661dad9e2,2026-01-31T13:36:07.051058+00:00,2026-01-31T13:36:17.337058+00:00,completed,openclaw,c942787d-e09d-43a2-8b7c-36a0f51b27d5,poc-user-07,"[""sql_query_generation"", ""openclaw"", ""generated""]"
e008b39a-5095-4168-91ed-c16ee8d2134a,2026-01-28T17:51:03.051058+00:00,2026-01-28T17:51:12.214058+00:00,completed,claude,682f564d-23d2-4549-b775-9bf39e80d2f4,poc-user-06,"[""code_assistant"", ""claude"", ""generated""]"
511d7263-4cd7-4161-9d8c-9c61ec40a2fa,2026-01-29T14:55:49.051058+00:00,2026-01-29T14:55:56.519058+00:00,completed,other,ff0bd98c-66e3-41b0-a3e2-9863c24c1eea,poc-user-08,"[""sql_query_generation"", ""openai"", ""generated""]"
94432964-6ddc-4d51-a2a1-18437e2c1485,2026-01-28T23:58:08.051058+00:00,2026-01-28T23:58:12.611058+00:00,completed,claude,40e3f441-571e-43a1-9089-6047f03cf98f,poc-user-06,"[""email_drafting"", ""claude"", ""generated""]"
9ba0292b-128e-4588-89a9-bec1a1733bd8,2026-01-28T12:14:24.051058+00:00,2026-01-28T12:14:31.374058+00:00,completed,openclaw,f62ace06-d830-44a0-997b-b9fbd4549306,poc-user-03,"[""email_drafting"", ""openclaw"", ""generated""]"
1fde7627-9d32-4e26-93bc-10ee3c5199a6,2026-01-30T21:20:50.051058+00:00,2026-01-30T21:20:57.124058+00:00,completed,openclaw,f1e212de-d058-450e-aeed-f52bae039754,poc-user-09,"[""email_drafting"", ""openclaw"", ""generated""]"
52301700-e0a4-44df-8154-390cbedcbd78,2026-01-30T20:08:24.051058+00:00,2026-01-30T20:08:29.576058+00:00,completed,mock,0c7b3876-433f-4be8-86e9-480be7d41ce9,poc-user-03,"[""flight_booking"", ""mock"", ""generated""]"
79786f04-424e-4924-97a7-5661992b1f3c,2026-02-01T15:53:41.051058+00:00,2026-02-01T15:53:46.253058+00:00,completed,other,bcf2f373-e130-45f3-8305-dccfe1adae46,poc-user-03,"[""email_drafting"", ""openai"", ""generated""]"
a5285f20-2637-4f38-9a5d-64ea71286370,2026-01-28T17:01:21.051058+00:00,2026-01-28T17:01:24.520058+00:00,completed,openclaw,9f263e36-877a-4469-ae7f-f3a9a9f93886,poc-user-10,"[""simple_happy_path"", ""openclaw"", ""generated""]"
98d3a8ad-d62c-4c4c-9b2d-4ccfe560b02d,2026-01-29T16:00:02.051058+00:00,2026-01-29T16:00:22.190058+00:00,completed,openclaw,1099a2f4-06b0-4e1c-a0c2-0f7e85047d26,poc-user-02,"[""research_summarizer"", ""openclaw"", ""generated""]"
8e25f39a-ef8a-4f1a-8a74-007aacef3d0e,2026-01-30T09:36:50.051058+00:00,2026-01-30T09:37:00.900058+00:00,completed,other,f4aeecd8-9930-4df0-b6ae-046c2faf4e4e,poc-user-01,"[""flight_booking"", ""openai"", ""generated""]"
bf932942-da01-4707-b939-fec2a81aa3cf,2026-01-30T06:58:14.051058+00:00,2026-01-30T06:58:19.321058+00:00,completed,mock,de2e0088-e412-4fcb-8072-f508c93c6efa,poc-user-02,"[""code_assistant"", ""mock"", ""generated""]"
aedac082-f414-467a-8522-59c1b19bb800,2026-02-01T02:53:54.051058+00:00,2026-02-01T02:53:56.174058+00:00,completed,claude,0b75a277-f69f-429e-a636-130f440d8f42,poc-user-08,"[""simple_happy_path"", ""claude"", ""generated""]"
9f250753-c9de-41bb-be28-284c59e5f06d,2026-01-28T00:53:49.051058+00:00,2026-01-28T00:53:58.220058+00:00,failed,claude,af6955bb-99ca-40ed-b624-8a7c30e5716a,poc-user-07,"[""code_assistant"", ""claude"", ""generated""]"
2d9fd141-1823-49f9-b6a1-df517d640cdc,2026-01-31T13:31:22.051058+00:00,2026-01-31T13:31:41.631058+00:00,failed,openclaw,5269d6a0-8220-40cb-898f-69b9fc9bf487,poc-user-06,"[""data_analysis"", ""openclaw"", ""generated""]"
61d520b2-059a-49ed-97fb-d5a3b97de875,2026-02-01T21:53:51.051058+00:00,2026-02-01T21:53:56.459058+00:00,completed,mock,96588745-ec6c-4718-a8df-612bd9c7498c,poc-user-03,"[""code_assistant"", ""mock"", ""generated""]"
d622bc62-5611-48e8-99e7-6e24689d3a96,2026-01-29T15:52:11.051058+00:00,2026-01-29T15:52:30.792058+00:00,completed,openclaw,9479a48f-530c-41ee-a70a-6c43f8af128d,poc-user-06,"[""data_analysis"", ""openclaw"", ""generated""]"
63890945-fb78-4556-b47d-03b082215b81,2026-01-29T09:04:22.051058+00:00,2026-01-29T09:04:24.638058+00:00,completed,other,a2153f96-3269-4a66-b14a-b0ab218631bd,poc-user-04,"[""simple_happy_path"", ""openai"", ""generated""]"
bd5b7fbe-fd4a-4b36-9e80-626d82420eb8,2026-01-28T10:20:16.051058+00:00,2026-01-28T10:20:27.766058+00:00,failed,claude,36bbadb4-b601-4cd3-b55c-a1515c96d9b6,poc-user-05,"[""research_summarizer"", ""claude"", ""generated""]"
4c986c8f-f8bd-4a38-96da-b9d71985a94c,2026-01-28T10:25:30.051058+00:00,2026-01-28T10:25:33.720058+00:00,completed,mock,184f12ae-a555-44e4-bf9f-cada3f319dd8,poc-user-08,"[""sql_query_generation"", ""mock"", ""generated""]"
69e813fe-4f81-4591-91e4-3ef04e8beff7,2026-02-01T10:25:57.051058+00:00,2026-02-01T10:26:03.320058+00:00,completed,other,122e4c78-0f77-4b7d-a64b-66329fa1156d,poc-user-09,"[""customer_support"", ""openai"", ""generated""]"
17404607-320a-4867-a18f-bb09160d8cb1,2026-02-02T12:55:00.051058+00:00,2026-02-02T12:55:02.714058+00:00,completed,other,7c1346eb-23db-4203-baa0-9c7499f2e745,poc-user-09,"[""simple_happy_path"", ""openai"", ""generated""]"
51317dc6-6226-423a-afca-eec6184309c9,2026-01-31T11:31:36.051058+00:00,2026-01-31T11:31:38.680058+00:00,completed,mock,cb5b034c-95a0-44bc-aea9-87ab96ea5bea,poc-user-08,"[""email_drafting"", ""mock"", ""generated""]"
fd3355c1-daea-491e-9823-65af0008c13c,2026-01-31T16:38:41.051058+00:00,2026-01-31T16:38:59.482058+00:00,completed,openclaw,7d9d53d9-cf35-4aef-a9de-f0b554be8a79,poc-user-07,"[""data_analysis"", ""openclaw"", ""generated""]"
f1358dda-db94-4769-b78e-0de8f0611629,2026-01-29T09:31:38.051058+00:00,2026-01-29T09:31:56.197058+00:00,completed,openclaw,566b01cc-3530-4be6-b4ab-d58d65f0fbb1,poc-user-05,"[""research_summarizer"", ""openclaw"", ""generated""]"
40e156b0-afa0-41e3-a5ea-f3277accca47,2026-02-01T19:54:22.051058+00:00,2026-02-01T19:54:25.451058+00:00,completed,openclaw,fd7c3936-e9ca-4e5c-ad6e-23e9276c6c0f,poc-user-02,"[""simple_happy_path"", ""openclaw"", ""generated""]"
a818fc5d-59df-415d-b0a3-35a61d14cb44,2026-01-31T15:55:17.051058+00:00,2026-01-31T15:55:30.538058+00:00,completed,other,2672f593-1b66-4afa-aec3-f82730a70cbe,poc-user-08,"[""data_analysis"", ""openai"", ""generated""]"
2fe0e729-2db8-4d75-852d-ddc836f151e2,2026-02-02T10:10:53.051058+00:00,2026-02-02T10:11:00.650058+00:00,completed,mock,1a4260f3-723e-4c29-b478-5cf1b49513d7,poc-user-04,"[""data_analysis"", ""mock"", ""generated""]"
0a5f37a7-d95d-4aab-9d9f-1cb661bb3fe0,2026-02-02T10:03:55.051058+00:00,2026-02-02T10:03:59.925058+00:00,completed,other,9e924334-bb6e-4370-a128-0d9d525dd2a7,poc-user-10,"[""email_drafting"", ""openai"", ""generated""]"
5fa10538-3a44-46f2-9228-8253b221e8cf,2026-02-01T12:30:24.051058+00:00,2026-02-01T12:30:29.139058+00:00,completed,other,35579c68-caa5-4f6c-aab0-5aacedb93783,poc-user-07,"[""email_drafting"", ""openai"", ""generated""]"
f660e264-67b9-4cad-a296-21db617cfcfc,2026-01-31T23:31:22.051058+00:00,2026-01-31T23:31:27.043058+00:00,completed,mock,d73c5cc1-5f77-416d-b527-ab2c42500e0c,poc-user-03,"[""code_assistant"", ""mock"", ""generated""]"
21e70c60-10c6-48ae-bcf0-b0a416aa8821,2026-02-02T16:07:18.051058+00:00,2026-02-02T16:07:31.145058+00:00,completed,other,acf1070a-ef60-4dbc-b1e2-200254248faa,poc-user-08,"[""research_summarizer"", ""openai"", ""generated""]"
8122789a-be11-446d-86b5-3170caea87c2,2026-01-29T18:23:51.051058+00:00,2026-01-29T18:24:00.946058+00:00,completed,claude,75f46f07-7436-4374-be77-014005b0cff5,poc-user-06,"[""code_assistant"", ""claude"", ""generated""]"
07a423f4-d335-4cee-bd89-8ff1fa108084,2026-02-02T20:07:56.051058+00:00,2026-02-02T20:08:11.372058+00:00,completed,openclaw,e9b4637c-21a7-43f8-99a1-3f3fd07812f6,poc-user-04,"[""code_assistant"", ""openclaw"", ""generated""]"
3146c472-0253-40ea-bb2c-f0abc97a7f07,2026-02-02T17:05:29.051058+00:00,2026-02-02T17:05:34.287058+00:00,completed,other,46196b9f-0905-4ca0-b481-f0f4d76f0fcf,poc-user-08,"[""email_drafting"", ""openai"", ""generated""]"
dd33a078-f950-44f0-905f-a82ed481ca52,2026-02-01T16:07:06.051058+00:00,2026-02-01T16:07:13.004058+00:00,completed,other,80f5c6e7-f143-4eab-b44a-a38568c8a2b6,poc-user-10,"[""sql_query_generation"", ""openai"", ""generated""]"
31cd9eb4-f381-4a22-b7d6-f85ce1ec34aa,2026-02-02T15:32:08.051058+00:00,2026-02-02T15:32:14.715058+00:00,failed,claude,1528613d-b2a7-4a0d-be9c-2df9fffa373f,poc-user-09,"[""sql_query_generation"", ""claude"", ""generated""]"
d91135ba-2e3d-4f4f-bc12-ccba9d3f2066,2026-01-31T14:18:43.051058+00:00,2026-01-31T14:18:52.562058+00:00,completed,openclaw,bc5d734c-8a0d-4e78-991e-63e9f1a2e2fd,poc-user-03,"[""customer_support"", ""openclaw"", ""generated""]"
f881fca7-dc66-4fc4-9646-17a60fcf1f27,2026-01-31T18:44:50.051058+00:00,2026-01-31T18:44:51.389058+00:00,completed,mock,bef0cd91-1025-4831-9de1-7e1a554d24b0,poc-user-05,"[""simple_happy_path"", ""mock"", ""generated""]"
f99dee12-6f22-4fbc-902c-4c46852edd84,2026-02-03T11:50:43.051058+00:00,2026-02-03T11:51:00.267058+00:00,completed,openclaw,0c29d66a-83f9-46af-be33-f94391b48be3,poc-user-03,"[""flight_booking"", ""openclaw"", ""generated""]"
fc889e06-bd09-4fd6-8d2b-61b1eb045911,2026-01-31T10:45:59.051058+00:00,2026-01-31T10:46:01.277058+00:00,completed,claude,b5e6fa3d-9bce-4fff-b251-e72bdd60e649,poc-user-03,"[""simple_happy_path"", ""claude"", ""generated""]"
eebd5884-28e4-4155-aa4b-2d79e8fe2472,2026-02-03T13:25:05.051058+00:00,2026-02-03T13:25:15.096058+00:00,completed,other,fde1f659-de6d-4c0e-9da7-86da05ab57c9,poc-user-02,"[""code_assistant"", ""openai"", ""generated""]"
dce4235d-d51a-4d1f-9ccd-79269a24ed80,2026-01-31T09:40:49.051058+00:00,2026-01-31T09:40:59.160058+00:00,completed,claude,ffd72528-4714-427a-99ac-c27b92cf6973,poc-user-02,"[""flight_booking"", ""claude"", ""generated""]"
b95de6ae-bb3a-412d-a404-3ae5cd3c1384,2026-02-04T03:54:04.051058+00:00,2026-02-04T03:54:18.299058+00:00,completed,other,c063fcc6-655f-485f-a892-d1738f4a3b0d,poc-user-07,"[""research_summarizer"", ""openai"", ""generated""]"
42857fe7-f327-4ab5-88a9-e5e44e2407d4,2026-02-03T09:47:57.051058+00:00,2026-02-03T09:48:10.716058+00:00,completed,other,2e85f63a-1b6a-4731-85d9-1a1edf1809d5,poc-user-08,"[""research_summarizer"", ""openai"", ""generated""]"
3c8b25e8-e24e-42bd-80ff-ba32f213f53e,2026-02-05T08:36:23.051058+00:00,2026-02-05T08:36:25.605058+00:00,completed,other,b9467e8e-22df-4a5a-99c2-a0232505ee13,poc-user-05,"[""simple_happy_path"", ""openai"", ""generated""]"
ae6b417d-2f94-4675-bc53-67435fc58ddb,2026-02-02T15:05:53.051058+00:00,2026-02-02T15:06:06.612058+00:00,completed,other,c029d0bb-043d-4be2-85a7-61bb03c96ed4,poc-user-01,"[""research_summarizer"", ""openai"", ""generated""]"
d7f7be08-3328-42ff-a567-cb4edfd8e4f6,2026-02-05T08:10:11.051058+00:00,2026-02-05T08:10:25.457058+00:00,completed,openclaw,4f9bcb17-80d7-442d-abdb-f46476f232bd,poc-user-07,"[""code_assistant"", ""openclaw"", ""generated""]"
8e02af6e-65ee-4562-821d-830e53205ea8,2026-02-04T17:56:38.051058+00:00,2026-02-04T17:56:52.181058+00:00,completed,other,4cc13c88-2b48-49d9-abe0-2d10132e41c3,poc-user-03,"[""data_analysis"", ""openai"", ""generated""]"
c27b71c4-bd5b-450d-859f-4be0f1394de1,2026-02-02T13:25:38.051058+00:00,2026-02-02T13:25:40.326058+00:00,failed,claude,1c3283ec-bcd1-41c2-83e7-88270668d2c8,poc-user-03,"[""simple_happy_path"", ""claude"", ""generated""]"
a6ae4f46-b83c-4cd7-a47e-4deea475687f,2026-02-04T14:04:14.051058+00:00,2026-02-04T14:04:34.512058+00:00,completed,openclaw,c866531e-5e77-4023-8a10-07f51ad9ffed,poc-user-07,"[""data_analysis"", ""openclaw"", ""generated""]"
1aeec0fa-9c46-40c3-ba32-e18b19bf3422,2026-02-04T11:51:47.051058+00:00,2026-02-04T11:51:54.135058+00:00,completed,claude,53401e57-4900-43d2-abb3-5f990758e74b,poc-user-10,"[""sql_query_generation"", ""claude"", ""generated""]"
5dc4eebb-c8d3-4bac-814f-c4442dab4ddb,2026-02-04T16:26:35.051058+00:00,2026-02-04T16:26:37.593058+00:00,completed,other,df9bb28b-7411-40ca-b6c1-5097e15affae,poc-user-03,"[""simple_happy_path"", ""openai"", ""generated""]"
064bba6e-27ef-4d81-a229-0ae239b6563d,2026-02-04T17:39:44.051058+00:00,2026-02-04T17:39:48.685058+00:00,completed,claude,fe168fdf-7540-44ad-9a22-caaa1097add5,poc-user-01,"[""email_drafting"", ""claude"", ""generated""]"
389c44c1-2472-48e8-84d2-deca627f096c,2026-02-03T02:38:32.051058+00:00,2026-02-03T02:38:34.092058+00:00,completed,claude,2f5cf36b-16a4-42c2-8fe4-23cdca2780db,poc-user-02,"[""simple_happy_path"", ""claude"", ""generated""]"
5e206419-236d-4237-94cd-01fb838cd6b0,2026-02-06T20:22:22.051058+00:00,2026-02-06T20:22:23.149058+00:00,completed,mock,d535661e-99cc-4c70-bd99-f061315e53ed,poc-user-05,"[""simple_happy_path"", ""mock"", ""generated""]"
051fddf0-82d7-4fa7-b9a3-c76877848b58,2026-02-05T21:36:30.051058+00:00,2026-02-05T21:36:31.253058+00:00,completed,mock,f5000112-8633-49a0-9ed2-bf2a5e8895f5,poc-user-06,"[""simple_happy_path"", ""mock"", ""generated""]"
ab842214-ea1c-4455-a354-c62a5a373c8e,2026-02-06T13:44:53.051058+00:00,2026-02-06T13:45:06.775058+00:00,completed,other,efd915f0-ff0e-4a44-82bd-a5c3c7adba8d,poc-user-08,"[""data_analysis"", ""openai"", ""generated""]"
2bbd219f-3c23-4adb-991a-e0400d395c75,2026-02-05T11:20:31.051058+00:00,2026-02-05T11:20:41.866058+00:00,completed,other,982a188d-8981-4342-b28f-726f16f09183,poc-user-06,"[""flight_booking"", ""openai"", ""generated""]"
74838d22-d76e-4330-8213-c9cddda3a85e,2026-02-03T13:15:17.051058+00:00,2026-02-03T13:15:19.268058+00:00,completed,other,3f51889c-7d58-409e-88ca-a7b0eb1af35f,poc-user-02,"[""simple_happy_path"", ""openai"", ""generated""]"
f75e5198-0b35-4550-89ad-0884703dbe26,2026-02-06T12:24:12.051058+00:00,2026-02-06T12:24:21.592058+00:00,completed,openclaw,04907369-15d2-4ea1-9443-bbd3e9ccd8d7,poc-user-05,"[""customer_support"", ""openclaw"", ""generated""]"
c05bc594-7a78-478f-b56d-1976eca3970c,2026-02-02T11:43:38.051058+00:00,2026-02-02T11:43:43.402058+00:00,completed,other,e25dced7-4478-4ca5-b636-54177335441d,poc-user-04,"[""email_drafting"", ""openai"", ""generated""]"
d7fb1599-2e66-4a8a-ab84-243a66656dfa,2026-02-04T14:25:17.051058+00:00,2026-02-04T14:25:19.234058+00:00,completed,other,31ba7cd2-a807-4e60-b9ad-cbdffa1f364d,poc-user-04,"[""simple_happy_path"", ""openai"", ""generated""]"
3545ab22-c255-457f-b971-48e8df75e09a,2026-02-02T04:56:30.051058+00:00,2026-02-02T04:56:42.396058+00:00,completed,claude,5fb83ec9-dc38-4795-a365-0451f40cb7cf,poc-user-10,"[""research_summarizer"", ""claude"", ""generated""]"
7479fca4-3416-4351-bee1-82cf40339f04,2026-02-04T12:14:51.051058+00:00,2026-02-04T12:14:53.569058+00:00,completed,other,4b95fd25-5a0c-4cd7-bad7-1a96ab732912,poc-user-05,"[""simple_happy_path"", ""openai"", ""generated""]"
9d875597-3b7f-468a-8e4b-cb84aeacdacd,2026-02-05T14:50:00.051058+00:00,2026-02-05T14:50:04.667058+00:00,completed,claude,ad1568f6-8abb-49b4-97d1-ab071b6efb0c,poc-user-02,"[""email_drafting"", ""claude"", ""generated""]"
7cd2b997-af8f-4d68-b956-f60f439c8ac0,2026-02-05T15:31:12.051058+00:00,2026-02-05T15:31:20.972058+00:00,completed,openclaw,072fd000-d6a2-4a2f-a953-80c35c46e62c,poc-user-05,"[""sql_query_generation"", ""openclaw"", ""generated""]"
72f9e8dc-e209-4b9d-a310-24ce58f1b827,2026-02-03T22:45:15.051058+00:00,2026-02-03T22:45:29.987058+00:00,completed,openclaw,ee3f2c9a-a513-4ce7-9edc-d08c7a503fd7,poc-user-01,"[""flight_booking"", ""openclaw"", ""generated""]"
65d632b9-992b-43ff-8f07-21d552a2115b,2026-02-07T07:50:15.051058+00:00,2026-02-07T07:50:17.218058+00:00,completed,claude,c8aabb8a-8780-494b-82db-faba9d1890d1,poc-user-01,"[""simple_happy_path"", ""claude"", ""generated""]"
23a2f4e9-3b1c-498f-adac-5a06ec6eff7e,2026-02-07T17:08:31.051058+00:00,2026-02-07T17:08:41.119058+00:00,completed,other,7fd82f38-10ba-4be6-a07b-785e405d19ae,poc-user-10,"[""code_assistant"", ""openai"", ""generated""]"
179323d9-09ee-47ab-ad82-a6202d350d9b,2026-02-07T17:12:33.051058+00:00,2026-02-07T17:12:45.381058+00:00,completed,claude,04376140-f226-4593-9ebb-327f7ad53aa8,poc-user-08,"[""research_summarizer"", ""claude"", ""generated""]"
f0566df7-ea8e-4d65-9d73-fdf29571e858,2026-02-05T13:56:26.051058+00:00,2026-02-05T13:56:42.292058+00:00,completed,openclaw,0f241002-28ce-4cd8-affc-a42bcc764c5b,poc-user-02,"[""flight_booking"", ""openclaw"", ""generated""]"
ea547ca4-8a71-4767-a91f-1bcf19ecd237,2026-02-07T11:21:42.051058+00:00,2026-02-07T11:21:51.808058+00:00,completed,claude,ceb079be-d84b-43af-8529-c60387e9e666,poc-user-09,"[""code_assistant"", ""claude"", ""generated""]"
726e938e-2035-4f6c-80f4-afcd9b3021a9,2026-02-04T02:22:09.051058+00:00,2026-02-04T02:22:19.911058+00:00,completed,other,bdd73e11-8aa1-4533-b549-f76c999a6047,poc-user-05,"[""code_assistant"", ""openai"", ""generated""]"
d09ade75-8140-41dc-9add-f94c7cfe1249,2026-02-08T14:20:32.051058+00:00,2026-02-08T14:20:45.913058+00:00,completed,other,f7d6b3de-e90e-48b2-9a68-6c4bd84cc7f9,poc-user-09,"[""data_analysis"", ""openai"", ""generated""]"
604c9c47-78d8-494a-addc-72161b248721,2026-02-06T17:20:43.051058+00:00,2026-02-06T17:20:55.911058+00:00,completed,claude,b19e241f-fc2b-45a3-a0f6-425ee5e5b24c,poc-user-02,"[""research_summarizer"", ""claude"", ""generated""]"
06a8ca3f-71e7-4b91-8ab7-165f3049d789,2026-02-04T10:47:34.051058+00:00,2026-02-04T10:47:40.776058+00:00,completed,other,131da533-eb96-4233-8888-16f3bc96267b,poc-user-07,"[""sql_query_generation"", ""openai"", ""generated""]"
d3c692c0-6df6-489b-9712-69bb148bdf26,2026-02-08T22:06:57.051058+00:00,2026-02-08T22:07:01.606058+00:00,completed,claude,55033a2e-8d2f-4f2d-9eb1-ad0f02b5ed0d,poc-user-01,"[""email_drafting"", ""claude"", ""generated""]"
37f5c0a3-0539-452e-a1f2-b31513854f8b,2026-02-05T08:57:25.051058+00:00,2026-02-05T08:57:26.396058+00:00,completed,mock,8d469208-e66f-4346-8967-19af7c5fd0e5,poc-user-04,"[""simple_happy_path"", ""mock"", ""generated""]"
d8e8a8d8-ec9d-48a2-aab7-b36ff9ef02f3,2026-02-06T10:45:57.051058+00:00,2026-02-06T10:46:07.188058+00:00,completed,openclaw,43f709d1-c497-4111-b334-f220ebc267eb,poc-user-03,"[""customer_support"", ""openclaw"", ""generated""]"
ac2ceb89-96be-4433-a4ba-d7bb96ddcb7f,2026-02-09T14:14:38.051058+00:00,2026-02-09T14:14:40.525058+00:00,completed,claude,1c121fef-8e5c-4ffd-8aa3-97a68ae122e4,poc-user-01,"[""simple_happy_path"", ""claude"", ""generated""]"
964efecd-14f2-44eb-86cc-df4a2ae92fb6,2026-02-07T21:14:47.051058+00:00,2026-02-07T21:14:58.127058+00:00,completed,other,e7169fd2-d6f4-47a7-a238-c1459af2f2bf,poc-user-04,"[""flight_booking"", ""openai"", ""generated""]"
2db614de-8a97-41b1-b7d5-6132933c1ccb,2026-02-05T13:33:48.051058+00:00,2026-02-05T13:33:53.090058+00:00,completed,other,51eb1571-3f3c-4dd3-86d5-ce9e83164553,poc-user-03,"[""email_drafting"", ""openai"", ""generated""]"
7f8f4397-377e-47d7-8ec8-b865a20027d6,2026-02-08T06:20:44.051058+00:00,2026-02-08T06:20:50.897058+00:00,completed,other,841dfb90-18d3-4f81-978a-5c1a5ce1b108,poc-user-08,"[""customer_support"", ""openai"", ""generated""]"
fec50d4e-9a37-455d-aea6-91e314997ab9,2026-02-05T19:12:00.051058+00:00,2026-02-05T19:12:08.849058+00:00,completed,claude,4eec1ab7-751b-40c9-956b-dab6409b5e50,poc-user-09,"[""code_assistant"", ""claude"", ""generated""]"
55d65619-33dc-4606-8a17-b1fdd7296ed0,2026-02-09T11:02:05.051058+00:00,2026-02-09T11:02:11.189058+00:00,completed,claude,efe45723-1fa1-42d9-8aff-14ff79294524,poc-user-05,"[""sql_query_generation"", ""claude"", ""generated""]"
640a4ab8-276f-42ca-a5cf-e52fe6b031d7,2026-02-06T14:31:33.051058+00:00,2026-02-06T14:31:46.738058+00:00,completed,other,625cf092-921c-4ae5-ba38-a77ef267139d,poc-user-02,"[""data_analysis"", ""openai"", ""generated""]"
6049a0f3-09a0-4efc-84db-ae34cbb3ab04,2026-02-09T16:39:01.051058+00:00,2026-02-09T16:39:20.401058+00:00,completed,openclaw,e667fa95-2617-4cc9-978b-8d9c5a7b1461,poc-user-02,"[""data_analysis"", ""openclaw"", ""generated""]"
781581be-a7d4-4687-97a1-dcf4ed2535bb,2026-02-06T11:24:40.051058+00:00,2026-02-06T11:24:41.208058+00:00,completed,mock,2a9f5224-31fc-432d-bd68-45f3cf135c1c,poc-user-05,"[""simple_happy_path"", ""mock"", ""generated""]"
4b88ab55-ebff-4503-a579-94183890abc9,2026-02-07T07:50:02.051058+00:00,2026-02-07T07:50:04.181058+00:00,completed,claude,0d33b203-03ac-4338-94e4-cbee83e3c1bd,poc-user-09,"[""simple_happy_path"", ""claude"", ""generated""]"
8dbe4206-6e08-46db-a2d8-96225b77eafe,2026-02-07T16:29:24.051058+00:00,2026-02-07T16:29:37.901058+00:00,completed,openclaw,4edd513a-972e-4bdd-9fda-e5cfeea0f4f9,poc-user-10,"[""code_assistant"", ""openclaw"", ""generated""]"
60c207d3-0464-4a2e-bdb5-09bc693c3878,2026-02-06T07:30:57.051058+00:00,2026-02-06T07:31:00.663058+00:00,completed,mock,3dc37e99-06f8-4328-8d28-dee7458fddcb,poc-user-08,"[""sql_query_generation"", ""mock"", ""generated""]"
83d13bbd-03d8-4ba7-bb23-bac9363fc840,2026-02-07T18:39:16.051058+00:00,2026-02-07T18:39:22.288058+00:00,completed,other,047e0392-532d-4fa7-b219-48b51bbc45be,poc-user-09,"[""customer_support"", ""openai"", ""generated""]"
a7b38d33-56d9-4bea-a809-442eda200449,2026-02-09T04:13:52.051058+00:00,2026-02-09T04:13:58.810058+00:00,completed,claude,3c1ab94f-3a0c-4762-b782-e75e1646789e,poc-user-04,"[""sql_query_generation"", ""claude"", ""generated""]"
86cda127-586d-4517-b526-673dd5d33abc,2026-02-07T15:28:34.051058+00:00,2026-02-07T15:28:49.889058+00:00,completed,openclaw,49e00247-e4c9-4f3a-aaf8-2f5e8f4b04a9,poc-user-05,"[""flight_booking"", ""openclaw"", ""generated""]"
971d5782-31ba-44b7-a66e-f0438ce770c3,2026-02-09T15:25:40.051058+00:00,2026-02-09T15:25:49.096058+00:00,completed,openclaw,4333f375-6444-4ed8-b67c-1d08a258de5b,poc-user-10,"[""customer_support"", ""openclaw"", ""generated""]"
77c963bd-3e97-4292-aaee-26eff5d06617,2026-02-09T13:35:52.051058+00:00,2026-02-09T13:35:57.598058+00:00,completed,mock,937e2692-4176-4f38-b5bf-492beae97bd2,poc-user-06,"[""code_assistant"", ""mock"", ""generated""]"
54241198-1262-4b30-b88c-2bd2df3638f2,2026-02-09T12:57:30.051058+00:00,2026-02-09T12:57:41.391058+00:00,completed,other,05201c31-f837-47c7-a206-ef2d59a65785,poc-user-05,"[""flight_booking"", ""openai"", ""generated""]"
064917f9-9f76-40a5-a97a-f406877f9849,2026-02-10T08:37:47.051058+00:00,2026-02-10T08:37:58.831058+00:00,completed,claude,6188a0dd-1c52-4064-8a57-a53091d8c3d5,poc-user-09,"[""research_summarizer"", ""claude"", ""generated""]"
db96105f-3411-47f1-acb1-0acedec87c86,2026-02-09T09:33:55.051058+00:00,2026-02-09T09:33:59.933058+00:00,completed,claude,0522d183-c491-4eb3-96ff-e7e4f84bf0c0,poc-user-04,"[""email_drafting"", ""claude"", ""generated""]"
8bf380a8-2fc2-4054-9c09-0b75b53a0138,2026-02-08T13:43:00.051058+00:00,2026-02-08T13:43:10.853058+00:00,completed,other,506aa3ba-c9b0-4b82-b44d-056bdf7aca6f,poc-user-06,"[""code_assistant"", ""openai"", ""generated""]"
d15dc1d1-5f9c-425a-879d-2c79cc7a0345,2026-02-09T17:24:24.051058+00:00,2026-02-09T17:24:37.420058+00:00,completed,claude,62427aa6-7727-4012-b137-7da309f99289,poc-user-07,"[""research_summarizer"", ""claude"", ""generated""]"
0819c8cd-d09b-4e9b-a0d4-bd38b7171df1,2026-02-10T12:54:46.051058+00:00,2026-02-10T12:54:52.932058+00:00,completed,other,e8bfa5a1-7fb2-4232-bf0f-d2525f87512e,poc-user-07,"[""sql_query_generation"", ""openai"", ""generated""]"
5c8689a6-5b77-43f4-9081-95d99e9ba9dc,2026-02-10T05:40:28.051058+00:00,2026-02-10T05:40:35.800058+00:00,completed,mock,a78b4713-ed42-4056-92bf-9945d903c444,poc-user-02,"[""data_analysis"", ""mock"", ""generated""]"
b3cba85a-0b1a-4e4a-97ad-0b5b6a4bb55e,2026-02-10T15:30:58.051058+00:00,2026-02-10T15:31:07.196058+00:00,completed,claude,554c0e20-cfb7-450e-99c5-f8a5206be88f,poc-user-09,"[""code_assistant"", ""claude"", ""generated""]"
e909d9b2-0d45-4210-bc4a-b5d05bf096cb,2026-02-11T02:06:50.051058+00:00,2026-02-11T02:06:56.268058+00:00,completed,claude,5f427f50-1726-424a-ac91-cea749435141,poc-user-05,"[""customer_support"", ""claude"", ""generated""]"
d7fdebfc-8d92-4baa-a02b-c6d192a7d193,2026-02-11T09:07:33.051058+00:00,2026-02-11T09:07:43.482058+00:00,failed,other,b78e7292-2a9e-46bc-9706-06764e297736,poc-user-07,"[""flight_booking"", ""openai"", ""generated""]"
2e4da175-3b03-4ae7-81ec-9c5ac54cd057,2026-02-08T17:20:14.051058+00:00,2026-02-08T17:20:28.326058+00:00,completed,claude,ba733251-ce57-4163-8178-afb0f2581a1c,poc-user-05,"[""data_analysis"", ""claude"", ""generated""]"
3d96c190-e2c8-4fcf-a4ec-c09321628364,2026-02-11T21:54:14.051058+00:00,2026-02-11T21:54:23.890058+00:00,completed,other,991c4e79-4375-46bf-80ce-5aa52811036e,poc-user-02,"[""code_assistant"", ""openai"", ""generated""]"
718bb0bd-12f0-405e-ab6b-c55f3a3828ab,2026-02-08T15:54:36.051058+00:00,2026-02-08T15:54:38.497058+00:00,completed,claude,9d3a17a0-26a3-43ad-890d-82d059ceb063,poc-user-06,"[""simple_happy_path"", ""claude"", ""generated""]"
a7bb12c5-fd2c-45f1-bd59-1cc9b4c8cf77,2026-02-10T16:44:39.051058+00:00,2026-02-10T16:44:41.465058+00:00,completed,other,7f4255b8-b0d9-4ef6-b5aa-bec5a98d45fb,poc-user-06,"[""simple_happy_path"", ""openai"", ""generated""]"
de186e3a-2a1f-4d52-b118-b830e82a65ff,2026-02-12T16:13:08.051058+00:00,2026-02-12T16:13:21.049058+00:00,failed,other,8a575cdf-92c5-4725-b2d6-d577cc108a27,poc-user-03,"[""research_summarizer"", ""openai"", ""generated""]"
4c5d7f57-da13-439a-900d-0ae9d675cbcf,2026-02-12T21:01:18.051058+00:00,2026-02-12T21:01:24.509058+00:00,completed,other,76b4d03c-e840-4f3d-b650-deadb09ec144,poc-user-04,"[""customer_support"", ""openai"", ""generated""]"
f4936852-de5e-4d30-80a4-2d30616e9912,2026-02-08T08:18:29.051058+00:00,2026-02-08T08:18:31.878058+00:00,failed,other,7463938f-fd98-4ec5-8b94-cef2cbe0f3e8,poc-user-06,"[""simple_happy_path"", ""openai"", ""generated""]"
3b5575ac-3f2d-4705-9080-e8aa5b6d3b3c,2026-02-10T12:10:34.051058+00:00,2026-02-10T12:10:39.313058+00:00,completed,mock,47693315-4299-41ee-a297-4bcbed5ad991,poc-user-04,"[""code_assistant"", ""mock"", ""generated""]"
115be1c2-67f4-4b28-95d5-c999f322889b,2026-02-09T01:34:54.051058+00:00,2026-02-09T01:34:57.445058+00:00,completed,openclaw,d826d4e4-ca4e-43f3-a2c2-ef0215a3d4b4,poc-user-06,"[""simple_happy_path"", ""openclaw"", ""generated""]"
6407f761-ddf6-4931-8501-1ac9741d23dc,2026-02-10T10:28:55.051058+00:00,2026-02-10T10:29:08.415058+00:00,completed,claude,233eead5-dc39-4114-b8df-35c45cc23e73,poc-user-08,"[""data_analysis"", ""claude"", ""generated""]"
f9952550-9c96-4ffa-bf1d-e063127143ed,2026-02-09T08:24:18.051058+00:00,2026-02-09T08:24:32.806058+00:00,completed,openclaw,15b261e7-b0b2-4e02-83a3-9a488802b484,poc-user-03,"[""code_assistant"", ""openclaw"", ""generated""]"
b61180f8-b31d-4066-9e92-03cb85917b4b,2026-02-10T12:44:08.051058+00:00,2026-02-10T12:44:17.897058+00:00,completed,other,7f906b5f-4a4c-4118-893a-61bddd1c554b,poc-user-09,"[""code_assistant"", ""openai"", ""generated""]"
0b9326b6-15d1-46e8-8064-33c79fc877ec,2026-02-11T12:04:07.051058+00:00,2026-02-11T12:04:20.822058+00:00,completed,other,db895ebb-d84d-48bc-b9bb-4163fdd1d3c7,poc-user-09,"[""research_summarizer"", ""openai"", ""generated""]"
01e87bb0-5a6a-468a-89fc-01857caf7dcd,2026-02-09T19:02:04.051058+00:00,2026-02-09T19:02:10.674058+00:00,completed,other,6e18fac2-370f-4df3-842f-abd5e5868122,poc-user-09,"[""sql_query_generation"", ""openai"", ""generated""]"
30d27f28-3f4f-413a-a2da-6f2d0369c14e,2026-02-10T20:54:45.051058+00:00,2026-02-10T20:54:57.636058+00:00,completed,claude,4e104361-1287-4121-ba10-598ecb047e8f,poc-user-07,"[""research_summarizer"", ""claude"", ""generated""]"
24665fa7-6ed3-4710-8701-75bfa36eca72,2026-02-12T20:23:11.051058+00:00,2026-02-12T20:23:23.295058+00:00,completed,claude,5fad9b8f-34d9-4011-ab36-0eec1373280f,poc-user-10,"[""research_summarizer"", ""claude"", ""generated""]"
95c83d40-d21f-4a3e-a0f1-eafde6a68090,2026-02-13T10:49:29.051058+00:00,2026-02-13T10:49:32.566058+00:00,completed,mock,3df1b1fa-69e4-4ad7-a552-bbe869b90724,poc-user-09,"[""sql_query_generation"", ""mock"", ""generated""]"
462a4ed4-9b76-4368-8c96-b8bd4037ac5b,2026-02-12T19:07:24.051058+00:00,2026-02-12T19:07:34.546058+00:00,completed,claude,cbcb0f77-cc22-49c6-a0aa-62072de35c9e,poc-user-05,"[""flight_booking"", ""claude"", ""generated""]"
80639851-fcc1-4835-bfcf-3de5b72fad0e,2026-02-13T03:53:23.051058+00:00,2026-02-13T03:53:33.093058+00:00,completed,claude,38496117-8e67-434b-8aab-bc370bf060cf,poc-user-10,"[""flight_booking"", ""claude"", ""generated""]"
e742a567-fa0d-48fe-8547-ff1bed03c3ac,2026-02-12T14:20:36.051058+00:00,2026-02-12T14:20:50.386058+00:00,completed,claude,aa1bb723-1104-4672-9cd3-e3c04d19b7bc,poc-user-05,"[""data_analysis"", ""claude"", ""generated""]"
f846acaf-6b8f-4314-ac5e-5fa970dd5ab8,2026-02-12T09:50:04.051058+00:00,2026-02-12T09:50:10.767058+00:00,completed,claude,bd124d5d-5fd9-4bbf-b131-e17a6f3e0ef5,poc-user-01,"[""sql_query_generation"", ""claude"", ""generated""]"
8e4ff2c3-6d5c-4b54-bd40-75cf304aee92,2026-02-12T08:09:47.051058+00:00,2026-02-12T08:10:00.107058+00:00,completed,other,e2d7acdd-9746-4c48-99f5-767bd59edb3c,poc-user-05,"[""data_analysis"", ""openai"", ""generated""]"
7e7cc660-86fc-4691-ab8b-e0286907ae0f,2026-02-09T21:31:50.051058+00:00,2026-02-09T21:32:00.410058+00:00,completed,other,fda765d1-f9ff-4014-8500-819f99c56f82,poc-user-08,"[""code_assistant"", ""openai"", ""generated""]"
d85a9aeb-f679-4a8b-8b4f-e48f391cd6a3,2026-02-12T13:44:07.051058+00:00,2026-02-12T13:44:18.047058+00:00,completed,other,23bedb27-a89c-449a-ac38-518585d14f02,poc-user-08,"[""flight_booking"", ""openai"", ""generated""]"
c131a806-39cd-43c8-ba61-c9b754790c70,2026-02-11T10:59:52.051058+00:00,2026-02-11T10:59:56.816058+00:00,completed,other,c735b1d1-b53d-4e3e-94d7-074cdea1cb93,poc-user-07,"[""email_drafting"", ""openai"", ""generated""]"
ee2b32ce-9d2b-4da4-bcd2-1a9a398fa743,2026-02-12T15:48:03.051058+00:00,2026-02-12T15:48:17.206058+00:00,completed,other,7b45a455-4501-4efe-b38d-1056aea28ff1,poc-user-06,"[""data_analysis"", ""openai"", ""generated""]"
e93097ad-7c81-49cd-be8f-2a98885810bf,2026-02-14T09:01:59.051058+00:00,2026-02-14T09:02:03.697058+00:00,completed,claude,7c546ccc-c29b-4b6d-be9b-b7364bda4e34,poc-user-05,"[""email_drafting"", ""claude"", ""generated""]"
bb7695ec-85fd-4a72-a8fb-4e1dc77956c5,2026-02-13T07:54:13.051058+00:00,2026-02-13T07:54:19.848058+00:00,completed,claude,7247b9cd-e996-40a2-a571-a71f9bedbc0a,poc-user-06,"[""sql_query_generation"", ""claude"", ""generated""]"
40b576a9-c46e-47be-b53e-6e4361769c7f,2026-02-12T23:42:51.051058+00:00,2026-02-12T23:42:54.392058+00:00,completed,mock,c38bd02b-c73b-4fe2-ba65-bd151a6e7373,poc-user-07,"[""sql_query_generation"", ""mock"", ""generated""]"
483de34d-e2cb-4e04-a2fd-abdc83f995ef,2026-02-14T18:59:16.051058+00:00,2026-02-14T18:59:18.322058+00:00,completed,claude,29e1a2cc-d826-4a42-9942-428903121455,poc-user-08,"[""simple_happy_path"", ""claude"", ""generated""]"
c7b80bd2-18bc-4491-8631-c5268da5bd39,2026-02-13T07:57:59.051058+00:00,2026-02-13T07:58:05.731058+00:00,completed,claude,0150af81-69f7-4c1a-8f88-bcda98389087,poc-user-06,"[""sql_query_generation"", ""claude"", ""generated""]"
ac8f98e0-ece5-41b5-ac3d-9465a6cb4a2b,2026-02-13T11:59:06.051058+00:00,2026-02-13T11:59:18.197058+00:00,completed,claude,689c5ee5-26e8-4e9b-9f45-18a1e93cb413,poc-user-07,"[""research_summarizer"", ""claude"", ""generated""]"
381c80e9-239a-4d1a-bedf-f30ffa0bae9d,2026-02-11T11:25:18.051058+00:00,2026-02-11T11:25:24.050058+00:00,completed,claude,afbf8470-390b-4656-8c0f-b9dd65544334,poc-user-04,"[""customer_support"", ""claude"", ""generated""]"
2b6e0992-5b39-4292-b977-b4f264f321ee,2026-02-13T13:41:33.051058+00:00,2026-02-13T13:41:43.184058+00:00,completed,other,8359d0be-96f6-4f23-8488-3a590868c713,poc-user-05,"[""code_assistant"", ""openai"", ""generated""]"
0b60c7e8-0a62-49a3-be0a-0e28abe81d31,2026-02-12T08:47:38.051058+00:00,2026-02-12T08:47:47.029058+00:00,completed,claude,c72c83f9-d952-4fe7-93da-693d4f5f2fcb,poc-user-03,"[""code_assistant"", ""claude"", ""generated""]"
f5d214c2-02ce-4764-a701-e3141ebb0fb2,2026-02-11T08:09:47.051058+00:00,2026-02-11T08:09:58.206058+00:00,completed,other,4abd5eba-cb59-4400-9c4b-effc3d0c19db,poc-user-01,"[""flight_booking"", ""openai"", ""generated""]"
48416436-9cf5-4969-a93b-9ac447045a19,2026-02-15T10:04:17.051058+00:00,2026-02-15T10:04:21.706058+00:00,completed,other,3501e0fa-fff0-476c-9132-502a4646403a,poc-user-06,"[""email_drafting"", ""openai"", ""generated""]"
7e00a0c4-4ba2-4c25-82b5-6ef582dd0b1b,2026-02-15T09:44:47.051058+00:00,2026-02-15T09:45:01.713058+00:00,completed,openclaw,abd405f6-d073-4023-aec2-8d689c579adb,poc-user-08,"[""code_assistant"", ""openclaw"", ""generated""]"
924ab2e3-82cd-4b55-a33c-1fdaa785c91c,2026-02-11T17:39:50.051058+00:00,2026-02-11T17:40:09.767058+00:00,completed,openclaw,fa90cb22-0686-4f26-a773-1421d48a044b,poc-user-04,"[""research_summarizer"", ""openclaw"", ""generated""]"
b98680b9-6454-41d2-abe6-aeeea8cd31ab,2026-02-12T08:27:26.051058+00:00,2026-02-12T08:27:30.495058+00:00,completed,claude,7e756c96-1b76-4fad-ab9b-4444e6ba4869,poc-user-09,"[""email_drafting"", ""claude"", ""generated""]"
1b617cf6-0c8c-41d8-ae00-23065ffbc218,2026-02-14T19:44:35.051058+00:00,2026-02-14T19:44:37.828058+00:00,completed,mock,46a88f22-cbad-4e7f-bc6f-9c9a6cc5624e,poc-user-03,"[""email_drafting"", ""mock"", ""generated""]"
0a8c0f1b-c95a-4e08-a559-b86fc96f6e59,2026-02-12T06:35:19.051058+00:00,2026-02-12T06:35:21.581058+00:00,completed,other,fc2b982b-ded5-4562-bd8e-0ea297121743,poc-user-09,"[""simple_happy_path"", ""openai"", ""generated""]"
c0e8a601-29fa-4b86-97f6-ef7d9f734da8,2026-02-11T12:36:47.051058+00:00,2026-02-11T12:36:57.505058+00:00,completed,claude,485c3767-e766-48e4-b2b6-e6d41a0f0054,poc-user-02,"[""flight_booking"", ""claude"", ""generated""]"
034cc42a-0a39-4464-8e56-3aebf2d963ae,2026-02-14T09:04:23.051058+00:00,2026-02-14T09:04:31.656058+00:00,completed,claude,1999a0eb-00d6-40aa-a38f-d535239ea2a0,poc-user-05,"[""code_assistant"", ""claude"", ""generated""]"
bc2506ce-c0a2-4621-9878-b782e0f7fd8d,2026-02-13T17:26:03.051058+00:00,2026-02-13T17:26:13.092058+00:00,failed,other,34b84196-47af-491c-a4d2-f430074b4bca,poc-user-10,"[""code_assistant"", ""openai"", ""generated""]"
17651df9-2e64-46c8-bc4a-b0fb6acb80de,2026-02-16T19:07:42.051058+00:00,2026-02-16T19:07:48.570058+00:00,failed,other,3d020675-306b-4a67-bfcd-e89baa19e15c,poc-user-06,"[""sql_query_generation"", ""openai"", ""generated""]"
4e7273b2-8418-4385-8526-e93a3e13cf40,2026-02-14T11:52:57.051058+00:00,2026-02-14T11:53:09.379058+00:00,completed,claude,76659054-c7ce-4e63-aa98-7583084e1782,poc-user-04,"[""data_analysis"", ""claude"", ""generated""]"
6d45ae31-d907-4db9-baa2-1d73ff23cb44,2026-02-14T13:10:50.051058+00:00,2026-02-14T13:11:05.690058+00:00,completed,openclaw,1ceb0010-edce-468f-adcd-3a1184de638e,poc-user-05,"[""code_assistant"", ""openclaw"", ""generated""]"
82ecc8a5-3eb9-41a9-84e0-b1b9e61b3614,2026-02-14T09:20:21.051058+00:00,2026-02-14T09:20:24.757058+00:00,completed,mock,5781a475-04ee-4ef0-bd4c-87e064ef5cca,poc-user-07,"[""sql_query_generation"", ""mock"", ""generated""]"
5d739f0f-9e93-4c7e-bee7-fd48e9aa3c03,2026-02-12T12:59:12.051058+00:00,2026-02-12T12:59:22.540058+00:00,completed,claude,35ebab5f-743d-48f1-8069-3de5e0df8e37,poc-user-10,"[""flight_booking"", ""claude"", ""generated""]"
92e9ffe0-280f-4230-bf62-650ec0af3e64,2026-02-12T14:47:04.051058+00:00,2026-02-12T14:47:13.755058+00:00,completed,other,ac05aa92-8560-43d0-aad5-b0ba2e7486b7,poc-user-01,"[""code_assistant"", ""openai"", ""generated""]"
e5214b5a-b895-482a-ae7c-63d489792e26,2026-02-16T21:58:15.051058+00:00,2026-02-16T21:58:18.400058+00:00,completed,mock,4f5b79b7-255f-4e78-a0ac-f6f00657805c,poc-user-07,"[""customer_support"", ""mock"", ""generated""]"
de8f5451-0f34-42c2-b035-d347cc9f4d1d,2026-02-14T04:51:28.051058+00:00,2026-02-14T04:51:40.195058+00:00,completed,claude,45faa34b-86fc-4414-bc70-edc2ac7194dd,poc-user-10,"[""research_summarizer"", ""claude"", ""generated""]"
4fb733f2-2c8d-468f-aa9c-259b3840d9f9,2026-02-15T12:46:39.051058+00:00,2026-02-15T12:46:41.627058+00:00,completed,claude,e7b20a47-0bfc-4949-8a83-723e30be4caa,poc-user-06,"[""simple_happy_path"", ""claude"", ""generated""]"
bbdd89df-3386-4422-a2ac-587a8567b1be,2026-02-17T14:43:09.051058+00:00,2026-02-17T14:43:19.361058+00:00,completed,claude,f27a6654-ce6b-4264-8982-03bffc7e70b5,poc-user-04,"[""flight_booking"", ""claude"", ""generated""]"
28a7d171-d1a0-4e03-8156-03d58862947c,2026-02-17T09:30:47.051058+00:00,2026-02-17T09:30:56.941058+00:00,completed,openclaw,8b7ad3fa-8fbf-46d7-82e1-0e092fc3fe9f,poc-user-05,"[""sql_query_generation"", ""openclaw"", ""generated""]"
d19527ec-4c0e-468f-b559-ee5aedb1afb5,2026-02-14T11:50:56.051058+00:00,2026-02-14T11:51:01.653058+00:00,completed,mock,636b0e61-b5d1-4d95-9aeb-2e229f4ec2bb,poc-user-03,"[""flight_booking"", ""mock"", ""generated""]"
a3768e56-9f10-464b-9f60-51a83715c16c,2026-02-16T19:54:32.051058+00:00,2026-02-16T19:54:41.969058+00:00,failed,claude,950cc173-3cc0-44ce-8abe-97970ecc7b49,poc-user-03,"[""flight_booking"", ""claude"", ""generated""]"
8e11ed71-5164-43d9-9831-789b337d558e,2026-02-17T13:14:37.051058+00:00,2026-02-17T13:14:40.450058+00:00,completed,openclaw,3ed3f06e-f7b9-4c6d-9a72-046f056355b4,poc-user-05,"[""simple_happy_path"", ""openclaw"", ""generated""]"
f77ae1e6-ce89-4239-ba06-10d6562dee5a,2026-02-16T20:06:07.051058+00:00,2026-02-16T20:06:26.520058+00:00,completed,openclaw,346d37b3-746a-440f-b9b1-31c71d737044,poc-user-04,"[""research_summarizer"", ""openclaw"", ""generated""]"
6b80b122-7e10-4305-8e10-ba69d5e1d152,2026-02-17T09:37:50.051058+00:00,2026-02-17T09:37:59.110058+00:00,completed,openclaw,73153d17-3ea6-4d8a-9a6f-34aa79af0133,poc-user-10,"[""customer_support"", ""openclaw"", ""generated""]"
af2bd421-f260-4567-a278-b57319a9dec7,2026-02-15T08:21:36.051058+00:00,2026-02-15T08:21:46.460058+00:00,completed,claude,81be5fc4-cd07-4737-bf9d-e1927b8648f3,poc-user-02,"[""flight_booking"", ""claude"", ""generated""]"
8ab5a56c-2e4c-441f-829e-49783ec6dfb3,2026-02-18T00:20:55.051058+00:00,2026-02-18T00:21:09.211058+00:00,completed,other,e5ef09ce-b95c-4218-949c-5d145d0b4c11,poc-user-06,"[""data_analysis"", ""openai"", ""generated""]"
fff17e17-1ccd-4637-868b-19dc25597f78,2026-02-17T12:02:47.051058+00:00,2026-02-17T12:02:50.553058+00:00,completed,mock,48137b15-7611-4024-9738-b3edffd66267,poc-user-04,"[""sql_query_generation"", ""mock"", ""generated""]"
a1a74234-3dcc-40d1-bf61-f8cba2420e2b,2026-02-19T07:23:04.051058+00:00,2026-02-19T07:23:06.563058+00:00,completed,mock,26abe527-f47b-4a87-b80d-d7dd431b74f7,poc-user-04,"[""email_drafting"", ""mock"", ""generated""]"
ed7996c6-5fbb-43d2-bf82-050d6d4c70cd,2026-02-16T12:17:53.051058+00:00,2026-02-16T12:18:02.745058+00:00,completed,openclaw,bd145c93-f0d9-41aa-9429-81c8cb847256,poc-user-01,"[""sql_query_generation"", ""openclaw"", ""generated""]"
dd290298-67e4-4e63-9918-d32e1e2ebdd3,2026-02-16T11:15:12.051058+00:00,2026-02-16T11:15:21.011058+00:00,completed,openclaw,17cad2c4-8b9a-4210-85ee-26441193dbd7,poc-user-06,"[""customer_support"", ""openclaw"", ""generated""]"
4c478878-f373-4094-bc69-ed11b775686f,2026-02-18T09:42:52.051058+00:00,2026-02-18T09:42:58.479058+00:00,completed,claude,c53d2f16-caff-4f0d-a632-0d378e9f02e5,poc-user-02,"[""customer_support"", ""claude"", ""generated""]"
f756566f-e14e-4c54-9d9f-250159dabf7f,2026-02-18T13:47:14.051058+00:00,2026-02-18T13:47:20.063058+00:00,completed,claude,1b691b95-2189-4388-9e43-5b36f922b529,poc-user-07,"[""sql_query_generation"", ""claude"", ""generated""]"
4843aa50-dbc6-44c0-a440-6bbcb5712e63,2026-02-15T09:46:21.051058+00:00,2026-02-15T09:46:23.591058+00:00,completed,other,c49c94df-c8a0-45fc-8cad-dbdacea7cea7,poc-user-08,"[""simple_happy_path"", ""openai"", ""generated""]"
0ae6203e-74fe-4257-ba4f-7cf350481a10,2026-02-15T15:09:13.051058+00:00,2026-02-15T15:09:19.168058+00:00,completed,claude,1212659f-6dfe-45fa-98f2-5104f94251df,poc-user-03,"[""customer_support"", ""claude"", ""generated""]"
e436f9e9-6654-4c78-b580-7dab7b987d64,2026-02-15T16:27:54.051058+00:00,2026-02-15T16:28:03.961058+00:00,completed,openclaw,71938e04-92d5-45f7-853c-2af88c359405,poc-user-10,"[""sql_query_generation"", ""openclaw"", ""generated""]"
08cebb55-77b7-4080-9967-bf7841bcea7d,2026-02-15T11:36:10.051058+00:00,2026-02-15T11:36:20.686058+00:00,completed,claude,e1088d5b-dbff-4ed7-a4f3-350724f71fcc,poc-user-03,"[""flight_booking"", ""claude"", ""generated""]"
cc3e2424-47c3-40d7-b577-13538c5cea53,2026-02-18T11:37:57.051058+00:00,2026-02-18T11:38:09.754058+00:00,completed,claude,1bce5725-dbc1-40b5-8557-152054491058,poc-user-07,"[""research_summarizer"", ""claude"", ""generated""]"
55b0155a-3d25-4e53-858f-45d08352ce12,2026-02-16T08:11:45.051058+00:00,2026-02-16T08:11:49.728058+00:00,completed,other,1acbca23-7ffe-4d26-9e09-15667a03e3ed,poc-user-08,"[""email_drafting"", ""openai"", ""generated""]"
bfac554f-3044-450d-b511-3af471594bdc,2026-02-15T04:48:00.051058+00:00,2026-02-15T04:48:13.781058+00:00,completed,other,7c16b0b5-3647-44de-8f2c-335f7615e0a8,poc-user-01,"[""research_summarizer"", ""openai"", ""generated""]"
dfdafa83-b8e3-4dd2-ab35-ec8f2968354d,2026-02-17T11:39:43.051058+00:00,2026-02-17T11:39:45.352058+00:00,completed,other,633e64f9-12d1-448e-8ee5-b6e2a4fcc0a3,poc-user-10,"[""simple_happy_path"", ""openai"", ""generated""]"
8f7af547-2877-407b-b0ac-da08de533b39,2026-02-18T12:59:59.051058+00:00,2026-02-18T13:00:13.625058+00:00,completed,other,d9c3f1ee-c214-4f0e-9f9c-ece1223e392d,poc-user-01,"[""research_summarizer"", ""openai"", ""generated""]"
f6e2b1e4-f790-49c2-9308-46b26aa5c799,2026-02-19T17:14:46.051058+00:00,2026-02-19T17:15:00.343058+00:00,completed,claude,3cae3f96-bef9-4ae8-8e9c-35a2c770e6d3,poc-user-02,"[""data_analysis"", ""claude"", ""generated""]"
8c6d8329-924e-4dce-906b-18dd5262c787,2026-02-16T14:08:54.051058+00:00,2026-02-16T14:09:00.308058+00:00,completed,claude,65390787-3117-40dd-b32d-764e9286bdbe,poc-user-01,"[""customer_support"", ""claude"", ""generated""]"
8e916f48-b6f6-471b-9fd7-ad85f6107196,2026-02-20T23:07:17.051058+00:00,2026-02-20T23:07:19.800058+00:00,failed,other,1dc42705-b77b-411f-8232-c86272e2801a,poc-user-08,"[""simple_happy_path"", ""openai"", ""generated""]"
230e8814-06e0-4967-8234-83477486752d,2026-02-17T23:35:25.051058+00:00,2026-02-17T23:35:28.648058+00:00,completed,openclaw,8ebf237a-0c7e-45ca-99f3-551ca45d2464,poc-user-10,"[""simple_happy_path"", ""openclaw"", ""generated""]"
955327cc-2c42-4cd4-a707-38980b400a6d,2026-02-18T12:10:36.051058+00:00,2026-02-18T12:10:53.196058+00:00,completed,openclaw,122b26f0-9882-4d71-9c68-01f729bcf443,poc-user-07,"[""flight_booking"", ""openclaw"", ""generated""]"
1712b3d4-4bf4-4c75-8792-1093968c2d3e,2026-02-17T11:19:44.051058+00:00,2026-02-17T11:19:55.969058+00:00,completed,claude,f210208c-4053-4213-9228-574efe798af3,poc-user-03,"[""research_summarizer"", ""claude"", ""generated""]"
b97595ba-a65d-4dcc-b1f8-ce813583e077,2026-02-20T08:52:44.051058+00:00,2026-02-20T08:52:55.390058+00:00,completed,claude,5e85dc50-459c-41bd-a27f-dbacc37e75e8,poc-user-09,"[""research_summarizer"", ""claude"", ""generated""]"
7cae7a53-09b1-429f-80f8-357b4426a51e,2026-02-17T10:33:57.051058+00:00,2026-02-17T10:34:07.628058+00:00,completed,claude,613e414a-55b7-4bbd-8e7d-173f03b4ab0e,poc-user-03,"[""flight_booking"", ""claude"", ""generated""]"
fe6dd24d-daaa-4110-bea4-e04b8aaab8ec,2026-02-18T15:44:09.051058+00:00,2026-02-18T15:44:21.428058+00:00,completed,claude,c3f00412-cb2f-4a35-a76a-428b90995e08,poc-user-07,"[""research_summarizer"", ""claude"", ""generated""]"
3e3e337c-b9e1-492b-b7c9-bca9834173d5,2026-02-19T21:50:59.051058+00:00,2026-02-19T21:51:02.362058+00:00,completed,mock,467a6263-7552-443b-be30-6c304cb6757f,poc-user-03,"[""customer_support"", ""mock"", ""generated""]"
44b8bf8a-41d0-49ff-950a-781fa174e186,2026-02-17T20:40:23.051058+00:00,2026-02-17T20:40:25.401058+00:00,completed,claude,e0bae157-5b62-4893-8dfa-27f765ee5f85,poc-user-05,"[""simple_happy_path"", ""claude"", ""generated""]"
6dd4d212-b32f-41ff-8695-e603e8815006,2026-02-19T11:20:54.051058+00:00,2026-02-19T11:21:08.451058+00:00,completed,other,471de62e-8078-400c-895b-dd3a9d3fcaab,poc-user-09,"[""research_summarizer"", ""openai"", ""generated""]"
27e7e982-3eed-492d-aa4d-c329b390390a,2026-02-21T12:10:43.051058+00:00,2026-02-21T12:10:53.663058+00:00,failed,other,a8711dcd-69e2-44c1-bb04-9a8321ef1999,poc-user-05,"[""flight_booking"", ""openai"", ""generated""]"
4c2842f1-1cd8-4d2a-961e-93e61ca96043,2026-02-19T19:11:25.051058+00:00,2026-02-19T19:11:35.523058+00:00,completed,claude,ea63ff92-a949-44bc-8aff-eb1c1a69b77f,poc-user-04,"[""flight_booking"", ""claude"", ""generated""]"
46fe1c8e-16dd-45a2-b256-928a5ca1d314,2026-02-20T12:21:57.051058+00:00,2026-02-20T12:22:05.785058+00:00,completed,claude,bc15aaf3-6513-4e18-abcb-fa9e648697e3,poc-user-03,"[""code_assistant"", ""claude"", ""generated""]"
b22508f6-25f4-4e15-8a6d-3494cf26be06,2026-02-19T23:15:42.051058+00:00,2026-02-19T23:15:53.736058+00:00,completed,claude,6d0e2656-ca1f-4775-ae9e-e8781cd94e6a,poc-user-05,"[""research_summarizer"", ""claude"", ""generated""]"
260300cc-bad2-440c-ad18-08dd48cd3890,2026-02-20T09:57:03.051058+00:00,2026-02-20T09:57:15.703058+00:00,completed,claude,09065d51-1177-4b20-835a-2b2bcbb720a4,poc-user-02,"[""data_analysis"", ""claude"", ""generated""]"
6956b6e6-0ced-4ea5-a2d1-13a2e43e1f5c,2026-02-17T14:58:56.051058+00:00,2026-02-17T14:59:08.612058+00:00,completed,claude,03bfe205-194e-4928-8077-34a1cd37f227,poc-user-10,"[""research_summarizer"", ""claude"", ""generated""]"
35ba1d0d-1be4-4e48-b862-de307f49de4c,2026-02-20T03:36:03.051058+00:00,2026-02-20T03:36:11.747058+00:00,completed,claude,3cb20671-cddf-40be-b205-a5df466e9f14,poc-user-01,"[""code_assistant"", ""claude"", ""generated""]"
1bd83fe1-1408-4559-94de-0cd28f0381f5,2026-02-19T13:00:41.051058+00:00,2026-02-19T13:00:47.652058+00:00,completed,other,507bd1e2-e361-444a-a7fb-b6b1e3121295,poc-user-10,"[""customer_support"", ""openai"", ""generated""]"
8213d029-08ba-4e1c-9955-f59303e24751,2026-02-19T10:13:37.051058+00:00,2026-02-19T10:13:44.026058+00:00,completed,other,4a2bd291-7bb7-49d6-8a50-b725e6573748,poc-user-07,"[""sql_query_generation"", ""openai"", ""generated""]"
d3a72ba4-7220-4a96-b340-b9b608c21747,2026-02-18T14:24:24.051058+00:00,2026-02-18T14:24:33.610058+00:00,completed,claude,1a5e222a-7d31-484b-b6ff-36fd7451813c,poc-user-01,"[""code_assistant"", ""claude"", ""generated""]"
0b2c9790-c3bc-4156-950d-ef0bca3560e1,2026-02-19T11:18:14.051058+00:00,2026-02-19T11:18:18.484058+00:00,completed,claude,90f7a89d-6559-4630-bd09-4a98e780d65c,poc-user-05,"[""email_drafting"", ""claude"", ""generated""]"
abc7a8b2-407b-496f-ac3f-0d99b2472bf2,2026-02-20T19:17:58.051058+00:00,2026-02-20T19:18:00.470058+00:00,completed,other,83a216ec-0f05-4f40-a71f-95f99c1db5b3,poc-user-08,"[""simple_happy_path"", ""openai"", ""generated""]"
84380b2e-1615-4633-b24c-14a19c4a1255,2026-02-21T12:46:17.051058+00:00,2026-02-21T12:46:35.760058+00:00,completed,openclaw,c3d7416b-a980-4923-9706-f6b8be47a9c2,poc-user-01,"[""research_summarizer"", ""openclaw"", ""generated""]"
5287071f-7ea3-437a-a932-492df9ca7676,2026-02-19T20:03:58.051058+00:00,2026-02-19T20:04:04.177058+00:00,completed,claude,a4446eb8-0a9a-47d6-aca2-701db342ecd1,poc-user-06,"[""sql_query_generation"", ""claude"", ""generated""]"
d4520873-f6d6-42ff-b68a-b2a2baa95411,2026-02-18T00:53:52.051058+00:00,2026-02-18T00:53:57.917058+00:00,completed,claude,7c8da9ac-4b04-463b-8f12-feab71e99c9c,poc-user-04,"[""customer_support"", ""claude"", ""generated""]"
15c11089-b837-41fa-a177-8bd7e816e34d,2026-02-20T22:33:24.051058+00:00,2026-02-20T22:33:33.782058+00:00,failed,claude,f4231775-86aa-429e-90e7-2fb646c23c1f,poc-user-07,"[""code_assistant"", ""claude"", ""generated""]"
0201021a-9aa2-4600-bd89-871b6da1437c,2026-02-19T10:57:47.051058+00:00,2026-02-19T10:58:02.691058+00:00,completed,openclaw,a79358a5-e227-48db-9143-03f13b2df24d,poc-user-10,"[""code_assistant"", ""openclaw"", ""generated""]"
b4b1a0e2-8467-425f-a9e0-73ac39d8e9a4,2026-02-21T14:31:06.051058+00:00,2026-02-21T14:31:15.578058+00:00,completed,claude,7ace65dc-61c3-4872-ba81-c15ae0afffbb,poc-user-07,"[""code_assistant"", ""claude"", ""generated""]"
a00a09af-c1a0-4001-b4aa-5f3089cebe05,2026-02-19T14:41:03.051058+00:00,2026-02-19T14:41:05.253058+00:00,completed,other,5825e667-331d-402b-906f-78889f28350b,poc-user-09,"[""simple_happy_path"", ""openai"", ""generated""]"
44f502cf-f644-4184-8ec9-b4aab9974b41,2026-02-19T05:46:06.051058+00:00,2026-02-19T05:46:09.557058+00:00,completed,mock,b41604a8-0342-4a0b-853f-56e43a02e980,poc-user-07,"[""sql_query_generation"", ""mock"", ""generated""]"
eafc470d-0f97-49d0-bfe6-5d2f36da02d1,2026-02-19T08:17:25.051058+00:00,2026-02-19T08:17:34.108058+00:00,completed,claude,a2fcda32-d536-4d1f-aa54-dfcef1c1803a,poc-user-08,"[""code_assistant"", ""claude"", ""generated""]"
f90d931c-28d5-445f-9798-3acc204635b6,2026-02-21T07:43:26.051058+00:00,2026-02-21T07:43:29.955058+00:00,completed,mock,588e3836-cc08-40d4-8b09-ce71803abe5a,poc-user-08,"[""sql_query_generation"", ""mock"", ""generated""]"
27f9265e-d1d6-434d-82f6-d3100087df12,2026-02-21T11:22:53.051058+00:00,2026-02-21T11:23:00.207058+00:00,completed,other,685b1b54-86e3-4894-b6bc-6cbb3bfcfc6b,poc-user-09,"[""sql_query_generation"", ""openai"", ""generated""]"
ba231dfd-ad51-4663-80e8-5e99429f78ec,2026-02-21T14:02:42.051058+00:00,2026-02-21T14:02:49.214058+00:00,completed,claude,bce3ab9e-9112-45c5-a98c-020dff683a9a,poc-user-07,"[""sql_query_generation"", ""claude"", ""generated""]"
88e71cb0-b2fc-4fe2-892f-53e7711ce1d9,2026-02-20T17:53:52.051058+00:00,2026-02-20T17:54:02.066058+00:00,completed,claude,19f57615-4230-4b82-9c52-8eb13dfb3f33,poc-user-05,"[""flight_booking"", ""claude"", ""generated""]"
c2d34d53-fe16-450b-8375-7052d807ef22,2026-02-21T09:05:01.051058+00:00,2026-02-21T09:05:14.463058+00:00,completed,openclaw,ccc01acc-c534-460a-b5fa-26dacf79df4a,poc-user-08,"[""code_assistant"", ""openclaw"", ""generated""]"
12365edb-2a78-43bf-b7cd-c785ca9a1fdb,2026-02-21T06:50:01.051058+00:00,2026-02-21T06:50:10.074058+00:00,completed,openclaw,7c251898-829f-4433-b34e-e34a5b74dc92,poc-user-09,"[""customer_support"", ""openclaw"", ""generated""]"
9a2dd069-573b-47bc-9058-89d11a5a2e3d,2026-02-20T18:07:57.051058+00:00,2026-02-20T18:08:07.843058+00:00,completed,other,db19ac42-2ccd-44b9-8ebc-baa42a3dcaf4,poc-user-10,"[""code_assistant"", ""openai"", ""generated""]"
e44ac166-7fbe-4aef-987f-7a9ddd3230ae,2026-02-21T08:02:32.051058+00:00,2026-02-21T08:02:43.797058+00:00,completed,claude,40999f28-6ee6-4738-ae99-509e3b6cdfe7,poc-user-10,"[""research_summarizer"", ""claude"", ""generated""]"
7008e44a-5279-4139-9e01-8e5ce58d0080,2026-02-21T19:26:43.051058+00:00,2026-02-21T19:26:50.252058+00:00,completed,mock,528d3039-6de0-429c-8f15-fb0330e50dbe,poc-user-05,"[""research_summarizer"", ""mock"", ""generated""]"
880e10ae-ca01-4c28-b542-634c93e7ed67,2026-02-21T05:49:20.051058+00:00,2026-02-21T05:49:33.141058+00:00,completed,claude,5073d082-4ff7-407d-b894-ddd793955ae4,poc-user-01,"[""data_analysis"", ""claude"", ""generated""]"
